Item Id,Item Name,Price,Sales,Nome da loja,Commission Rate,Commission,Product Link,Offer Link
22898373049,Espelho Orgânico 120X50cm e 95x40cm Lapidado Moderno Grande Forms C/ SUPORTE ou LED TOUCH (FORM SUPORTE) OU LED,"78,99",10mil+,AGUNBAGUM,13%,"R$10,27",https://shopee.com.br/product/1434695436/22898373049,https://s.shopee.com.br/3g46NjdU9h
23698384152,Bicicleta Bike Ergometrica Spinning Academia Fitness Profissional 120kg,"469,99",50mil+,SINBER OFICIAL,3%,"R$14,10",https://shopee.com.br/product/1512108548/23698384152,https://s.shopee.com.br/3VkgBQe7Ug
45963749827,ROMANTIC CROWN Copo Térmico Inox Portátil 1200ml/600ml com Tampa e Canudo Garrafa Térmica Inoxidável,"34,98",3mil+,Romantic.Crown.07,8%,"R$2,80",https://shopee.com.br/product/1350045638/45963749827,https://s.shopee.com.br/3LRFz7ekpf
22499247158,Carregador Portátil Mini Power Bank 10000mAh Com 02 Saídas Tipo-C / Lightning,"31,99",10mil+,SHR ELETRONICOS,28%,"R$8,96",https://shopee.com.br/product/408715442/22499247158,https://s.shopee.com.br/3B7pmofOAe
22893267017,Árvore De Natal Pinheiro 210cm 600 Galhos Cheia Premium Verde,"54,90",10mil+,U-Tensils2,13%,"R$7,14",https://shopee.com.br/product/419081850/22893267017,https://s.shopee.com.br/30oPaVg1Vd
58216969169,kit 4 capas de almofadas Decorativas Natal,"24,90",247,Kalltex,13%,"R$3,24",https://shopee.com.br/product/1648218183/58216969169,https://s.shopee.com.br/2qUzOCgeqc
20420779647,Churrasqueira a Bafo Portátil para Pescaria Viagens Camping Material Resistente,"79,99",10mil+,Shoon Kids Plus,7%,"R$5,60",https://shopee.com.br/product/805304894/20420779647,https://s.shopee.com.br/2gBZBthIBb
23698091239,Organizador de maquiagem Acrílico  Giratório 360º Suporte Para Cosméticos,"39,90",100mil+,AuraShop Cuidado que a casa merece,16%,"R$6,38",https://shopee.com.br/product/691142802/23698091239,https://s.shopee.com.br/2Vs8zahvWa
22894483580,"Arvore De Natal 2,10 Metros 650 Galhos Cheia Pinheiro Luxo Cor Verde","159,90",2mil+,MUNDIMIX.,10%,"R$15,99",https://shopee.com.br/product/1596059671/22894483580,https://s.shopee.com.br/2LYinHiYrZ
26980788215,ROMANTIC CROWN Copo Térmico Inox Portátil 1200ml/600ml/1.2L Garrafa Térmica Inoxidável com Tampa e Canudo,"34,98",100mil+,Romantic.Crown.07,8%,"R$2,80",https://shopee.com.br/product/1350045638/26980788215,https://s.shopee.com.br/2BFIayjCCY
27968827694,Tábua De Corte 304 Aço Inoxidável Antibacteriana À Prova De Mofo 46 cm tábua de cozinha,"24,79",80mil+,Zestify.br,9%,"R$2,23",https://shopee.com.br/product/1398934533/27968827694,https://s.shopee.com.br/20vsOfjpXX
58266942513,Varal De Roupa Dobrável Torre 3 Andares Com Rodas Aço Inox Vertical Azul Umbrella,"77,90",755,UmbrellaShop,13%,"R$10,13",https://shopee.com.br/product/886464374/58266942513,https://s.shopee.com.br/1qcSCMkSsW
55260497129,Kit Estética Automotiva Vonixx V-Floc Tok Final Intense 240ml Pneu Pretinho Pano Pincel E Aplicador,"99,90",3mil+,Yamase Loja Oficial,14%,"R$13,99",https://shopee.com.br/product/316945044/55260497129,https://s.shopee.com.br/1gJ203l6DV
58216969377,kit Feliz Natal 4 peças capa de almofadas para decoração Natalina,"28,90",911,Kalltex,13%,"R$3,76",https://shopee.com.br/product/1648218183/58216969377,https://s.shopee.com.br/1VzbnkljYU
53750943172,Jogo De Panelas 10 Peças Antiaderente Conjunto Frigideira Fervedor tampa de vidro Cor Coffee Cappuccino Kit Talheres,"199,99",50mil+,ARARAS ONLINE,11%,"R$22,00",https://shopee.com.br/product/1215385259/53750943172,https://s.shopee.com.br/1LgBbRmMtT
23994288266,Percarbonato 100% Puro Tira Manchas Roupas Brancas e Coloridas,"17,90",400mil+,Lojas Coisarada,10%,"R$1,79",https://shopee.com.br/product/363220493/23994288266,https://s.shopee.com.br/1BMlP8n0ES
58251974520,Kit 3 Blusas Feminina Muscle Tee Moderna Casual 100% Algodão - F00,"47,99",10mil+,Uzze.K ,8%,"R$3,84",https://shopee.com.br/product/441206033/58251974520,https://s.shopee.com.br/113LCpndZR
22892833180,40 Peças / 46 Peças Jogo De Chave Catraca Caixa De Ferramentas para Reparo de Carros / Conjuntos de Chaves,"28,99",400mil+,RISESHOP_brasil,19%,"R$5,51",https://shopee.com.br/product/832036467/22892833180,https://s.shopee.com.br/qjv0WoGuQ
58203349505,Porta Frios Duplo Preto para Presunto e Queijo Com Fundo Removível Para Conservar e Organizar a Geladeira Hermetico,"17,89",50mil+,Vip  Todo Dia,13%,"R$2,33",https://shopee.com.br/product/1567241054/58203349505,https://s.shopee.com.br/gQUoDouFP
18498130564,Kit 3un Downy amaciante concentrado fragrância brisa de verão 500mL,"49,89",2mil+,Supermercado do Chico,16%,"R$7,98",https://shopee.com.br/product/1052834124/18498130564,https://s.shopee.com.br/W74bupXaO
52407426682,Tênis de Corrida Masculino e Feminino Sapato de Moda Academia Caminhada Confortável do 33 ao 44,"71,62",10mil+,HOKON.br,14%,"R$10,03",https://shopee.com.br/product/1777841231/52407426682,https://s.shopee.com.br/LnePbqAvN
58217601055,Parafusadeira Furadeira 25V Nakasaki Sem Fio a Bateria Profissional Kit Completo com Maleta,"85,00",1mil+,MAQ TOOLS,13%,"R$11,05",https://shopee.com.br/product/728389176/58217601055,https://s.shopee.com.br/BUEDIqoGM
22393485784,Jogo De Frigideira Rotoprint Antiaderente 3 Peças,"50,60",30mil+,Casa Nova Alumínios,7%,"R$3,54",https://shopee.com.br/product/747680766/22393485784,https://s.shopee.com.br/1Ao0zrRbL
22492675357,Novo Guarda Chuva Automático Alta Resistência a Chuvas e Vento Forte Com Proteção UV,"26,99",100mil+,FELIZ SHOP,7%,"R$1,89",https://shopee.com.br/product/425326129/22492675357,https://s.shopee.com.br/AUuQWIDTIO
48800631375,"Tênis De Corrida Profissional Para Maratona Flying Burn 3 , Palma Completa , Placa De Carbono , PB IZHC NOKS","76,59",5mil+,MOISTMOIST,15%,"R$11,49",https://shopee.com.br/product/662418492/48800631375,https://s.shopee.com.br/AKb0JzE6dN
58256065420,Kit 4 Toalha de Banho Grande Felpuda Macia Premium 100% Algodão 70x130cm,"69,90",5mil+,MB.COMERCIO,12%,"R$8,39",https://shopee.com.br/product/1081532117/58256065420,https://s.shopee.com.br/AAHa7gEjyM
20697752160,Sapateira Rubi 2 Portas com Espelho 1 Gaveta para 15 pares de Sapato,"657,50",7mil+,Panorama Móveis,7%,"R$46,03",https://shopee.com.br/product/580791382/20697752160,https://s.shopee.com.br/9zy9vNFNJL
17460396643,Pistola de Massagem Muscular Portátil Elétrica Profissional Recarregável USB com Múltiplas Ponteiras para Relaxamento,"29,00",100mil+,ANJ.GG store,10%,"R$2,90",https://shopee.com.br/product/391739739/17460396643,https://s.shopee.com.br/9pejj4G0eK
22393488458,Kit Bolas de Natal Com Foto Personalizada,"24,90",8mil+,TR LOJA - BRINDES E PERSONALIZADOS,26%,"R$6,47",https://shopee.com.br/product/1025432386/22393488458,https://s.shopee.com.br/9fLJWlGdzJ
18897983973,"Kit de Bolsa Térmica c/ 2 Compartimentos, Copo e Marmita, Porta Talher e Porta Escova","137,74",8mil+,Chic Charm,15%,"R$20,66",https://shopee.com.br/product/530578890/18897983973,https://s.shopee.com.br/9V1tKSHHKI
46366320366,Kit Colcha Piquê 3 Peças Estampado com 2 Fronhas Cobre Leito Leve Confortável para Cama,"64,99",951,GW DECOR SHOP,11%,"R$7,15",https://shopee.com.br/product/1081892586/46366320366,https://s.shopee.com.br/9KiT89HufH
58262972685,Massageador de Pescoço e Ombros Portátil 3D Com Calor Relaxante Massagem Profunda,"112,99",1mil+,XQW - ELETRÔNICOS E VARIEDADES,28%,"R$31,64",https://shopee.com.br/product/406969593/58262972685,https://s.shopee.com.br/9AP2vqIY0G
22493572369,"Cortina Blackout Para Quarto Sala Cozinha PVC Corta 100% Luz 2,80 Largura X 2,30 Altura Grande","36,89",100mil+,MovicPets,8%,"R$2,95",https://shopee.com.br/product/875039015/22493572369,https://s.shopee.com.br/905cjXJBLF
22498067516,Kits Organizadores De Geladeira Clear Com Tampa E Cesto Drenagem,"45,90",30mil+,MAMÃE EU QUERO!,13%,"R$5,97",https://shopee.com.br/product/1379143262/22498067516,https://s.shopee.com.br/8pmCXEJogE
22992945609,Capa Para Colchão Impermeavel Matelado Com Elastico,"13,90",900mil+,Icasa Ibitinga,6%,"R$0,83",https://shopee.com.br/product/300779622/22992945609,https://s.shopee.com.br/8fSmKvKS1D
22693688637,Balança Digital De Vidro até 180Kg Portátil Corporal,"30,93",50mil+,SELLNEEDS,13%,"R$4,02",https://shopee.com.br/product/408653169/22693688637,https://s.shopee.com.br/8V9M8cL5MC
58212669834,Kit Manta Decorativa P + 4 Capas de Almofadas Natalinas Estampa Digital Decoração Natal,"66,90",4mil+,Luana Home,13%,"R$8,70",https://shopee.com.br/product/776052375/58212669834,https://s.shopee.com.br/8KpvwJLihB
23093861925,Filtro Coador Inox Reutilizável 103 Premium Dispensa Papel Café Mais Forte e Sustentável,"27,90",70mil+,baruchcommerce,22%,"R$6,14",https://shopee.com.br/product/1509818453/23093861925,https://s.shopee.com.br/8AWVk0MM2A
58265637198,Scooter Moto Elétrica Giro G20 1000W Bateria Removível Autonomia 50km,"10,0mil",0,Divertir Brinquedos,11%,"R$1.098,90",https://shopee.com.br/product/346399117/58265637198,https://s.shopee.com.br/80D5XhMzN9
57863165599,"Parafusadeira Furadeira 48V Íon-Lítio Sem Fio, 2 Baterias, Maleta Resistente e Kit Completo de Acessórios","99,96",10mil+,jialian2.br,11%,"R$11,00",https://shopee.com.br/product/1659075324/57863165599,https://s.shopee.com.br/7ptfLONci8
58256293907,Espelho Orgânico 120x50 e 80x40 Com Moldura EM COURO Corpo Inteiro Moderno Luxo,"89,90",10mil+,Florence Espelhos,13%,"R$11,69",https://shopee.com.br/product/1579353989/58256293907,https://s.shopee.com.br/7faF95OG37
54857767078,Jogo de Panelas Variadas  10 Peças - Marfim.,"197,99",8mil+,A.R.S Alumínios,9%,"R$17,82",https://shopee.com.br/product/762919982/54857767078,https://s.shopee.com.br/7VGowmOtO6
9212570285,Creatina Suplemento Monohidratada em Pó 100% Pura Importada - Soldiers Nutrition,"33,90",200mil+,Soldiers Nutrition,18%,"R$6,10",https://shopee.com.br/product/347988064/9212570285,https://s.shopee.com.br/7KxOkTPWj5
23899401692,Massageador elétrico portátil pescoço calmante intensidade de 3 velocidades + aquecimento infravermelho,"77,99",10mil+,Mercado Estelar,7%,"R$5,46",https://shopee.com.br/product/720952207/23899401692,https://s.shopee.com.br/7AdyYAQA44
58250606467,Sapateira com Portas Basculantes Vertical Armário para Quarto Sapato Sala Tênis Hall Entrada,"166,41",8mil+,Tutti Per La Casa,3%,"R$4,99",https://shopee.com.br/product/1083216299/58250606467,https://s.shopee.com.br/70KYLrQnP3
26378793837,Kit Potes Herméticos Porta Mantimentos Vidro Retangular 640ml 370ml Marmita Fitness GP Home,"52,60",7mil+,DSD Multi Comercio,10%,"R$5,26",https://shopee.com.br/product/572649927/26378793837,https://s.shopee.com.br/6q189YRQk2
58251614409,ROMANTIC CROWN Copo Térmico Portátil 1200ml/600ml com Tampa e Canudo Garrafa Térmica Inoxidável À prova de vazamentos,"34,98",70mil+,Romantic Crown,8%,"R$2,80",https://shopee.com.br/product/1240652277/58251614409,https://s.shopee.com.br/6fhhxFS451
58261831926,Garrafa Térmica Inox 1L com Display LED para Chá e Café,"49,90",1mil+,AINY ECOMMERCE,13%,"R$6,49",https://shopee.com.br/product/1304261607/58261831926,https://s.shopee.com.br/6VOHkwShQ0
22698677025,Varal De Chão 3 Andares Roupa Calcinha Dobrável Grade Reforçado com 4 Rodas Portátil e Compacto,"99,90",40mil+,CASA DALONSO,12%,"R$11,99",https://shopee.com.br/product/330139332/22698677025,https://s.shopee.com.br/6L4rYdTKkz
23293909383,Bolsa Térmica De Grande Capacidade De Alta Qualidade Adequada Para Viagens De Piquenique Na Praia,"25,90",90mil+,Moda Monkey Store,10%,"R$2,59",https://shopee.com.br/product/1384073074/23293909383,https://s.shopee.com.br/6AlRMKTy5y
22994876216,Cesto de roupa suja de bambu de 72 litros com tampa e alça para uso na sala de estar e no banheiro.,"59,69",20mil+,NZ.SHOP,6%,"R$3,58",https://shopee.com.br/product/1202669405/22994876216,https://s.shopee.com.br/60S1A1UbQx
23297589986,Pipoqueira Elétrica Popcorn Maker 110V  Pipoca Sem Óleo,"66,82",9mil+,3XZ STORE,10%,"R$6,68",https://shopee.com.br/product/1053378287/23297589986,https://s.shopee.com.br/5q8axiVElw
22098118493,Kit Produto para Lavar Moto Cera Shampoo Desengraxante Pretinho Limpador de Corrente Vonixx,"118,84",2mil+,Patron - Distribuidora,14%,"R$16,64",https://shopee.com.br/product/1258744084/22098118493,https://s.shopee.com.br/5fpAlPVs6v
40009349069,Jogo Panelas Completo 6 Peças Antiaderente Cerâmica com Acessórios Silicone,"249,00",1mil+,Led Tools Oficial,8%,"R$19,92",https://shopee.com.br/product/1177369665/40009349069,https://s.shopee.com.br/5VVkZ6WVRu
58209240255,Kit C/5 Pano de Prato Atoalhado Felpudo Estampado Sortidos,"34,90",1mil+,decasatextil,13%,"R$4,54",https://shopee.com.br/product/1367408218/58209240255,https://s.shopee.com.br/5LCKMnX8mt
23596783977,Árvore Natal Verde 150cm 220 Galhos Decoração Natalina Pinheiro Pinheirinho Premium,"54,90",9mil+,U-Tensils2,13%,"R$7,14",https://shopee.com.br/product/419081850/23596783977,https://s.shopee.com.br/50ZTyBYPSq
56762439947,Adeforte Turbo + Biotina 3ml Original Vitamina Cabelos Pele Unhas,"59,98",4mil+,DROGARIA MONIFARMA,24%,"R$14,40",https://shopee.com.br/product/617614410/56762439947,https://s.shopee.com.br/5AsuAUXm7t
58214074058,Descascador Elétrico Multifuncional Recarregável para Frutas Legumes Uvas Alho e Tomate,"59,99",2mil+,RightNow Shop,9%,"R$5,40",https://shopee.com.br/product/1412676921/58214074058,https://s.shopee.com.br/4fwdZZZg8o
22498946021,Carregador Portátil Mini Power Bank 10000mAh Com 02 Saídas Tipo-C / Lightning,"31,99",20mil+,XQW - ELETRÔNICOS E VARIEDADES,28%,"R$8,96",https://shopee.com.br/product/406969593/22498946021,https://s.shopee.com.br/4qG3lsZ2nr
58251353658,Varal De Chão Com Abas Reforçado Dobrável Aço Secalux 12kg Varal de Apartamento Retratil,"59,90",30mil+,Big_ecommerce,13%,"R$7,79",https://shopee.com.br/product/659727139/58251353658,https://s.shopee.com.br/4LJnAxawom
51807345661,Secador Esterelizador de Tenis Elétrico Seca Tenis Sapatos 110v ou 220v,"64,90",1mil+,VG Hub Store,3%,"R$1,95",https://shopee.com.br/product/395077017/51807345661,https://s.shopee.com.br/4VdDNGaJTp
22894944958,Utensílios Silicone Cozinha Antiaderente Fácil Limpeza Alta Resistência,"18,61",3mil+,sprochow,21%,"R$3,91",https://shopee.com.br/product/1653142226/22894944958,https://s.shopee.com.br/40gwmLcDUk
46455963560, Mouse Gamer Sem Fio Attack Shark X11 Modo Triplo 2.4G BT5.0 22000DPI RGB Recarregável PC桌上清洁竞技专业电竞装备,"164,60",20mil+,Brand Choice,13%,"R$21,40",https://shopee.com.br/product/1672861664/46455963560,https://s.shopee.com.br/4B0Myeba9n
22694309852,Kit 2 Mantas Decorativas Para Sofá Luxuosa Tamanho 210X120 Tecido 100% Algodão Casa Nova Elegante,"47,90",30mil+,Morada Charme,19%,"R$9,10",https://shopee.com.br/product/1598926116/22694309852,https://s.shopee.com.br/3g46NjdUAi
58201637252,"Truss Uso Obrigatório Leave-in Reconstrutor 260ml | Proteção Térmica, Brilho e Reparação Imediata","50,00",10mil+,BELEZAVIRTUAL_,22%,"R$11,00",https://shopee.com.br/product/1050844593/58201637252,https://s.shopee.com.br/3qNWa2cqpl
58258048889,Porta Temperos Giratório Profissional 9 Potes de Vidro com Tampa Dosadora Condimentos,"37,79",10mil+,RD ECOM,12%,"R$4,53",https://shopee.com.br/product/1459511958/58258048889,https://s.shopee.com.br/3LRFz7ekqg
24898136951,Tênis De Placa De Carbono Masculino Feminino Correndo Maratona Leve Respirável 33 – 44,"66,58",1mil+,MOISTMOIST,15%,"R$9,99",https://shopee.com.br/product/662418492/24898136951,https://s.shopee.com.br/3VkgBQe7Vj
22794290449,Bomba de Ar Portatil Compressor Inflator Multi-função 4 em 1 PowerBank 8kmah Bateria Calibrador de Carro Auto Pneu,"179,99",9mil+,SUPER CHETO,6%,"R$10,80",https://shopee.com.br/product/874603044/22794290449,https://s.shopee.com.br/30oPaVg1We
23797173395,Mangueira Jardim Reforçada Trançada Completa 05/10/15/20/25/30/35/50 Metros,"16,90",100mil+,LK ECOM,18%,"R$3,04",https://shopee.com.br/product/718191738/23797173395,https://s.shopee.com.br/3B7pmofOBh
23893313535,Conjunto de Panelas Antiaderente 10 Peças Prime Alumínio Teflon Com Tampa De Vidro Jogo De Panelas Kit De Panelas,"219,67",8mil+,Essenza Di Chef,10%,"R$21,97",https://shopee.com.br/product/633539708/23893313535,https://s.shopee.com.br/2gBZBthICc
25155478447,"MEDICUBE zero pore pad 2.0,zero pore pad mild 3types(original pad/refill)","144,97",50mil+,koksara.kbeauty,20%,"R$28,99",https://shopee.com.br/product/457864097/25155478447,https://s.shopee.com.br/2qUzOCgerf
58217618288,Percabonato Tira Manchas 100% Puro  Roupas Brancas E Coloridas 1KG,"27,90",2mil+,CLR2SHOP,23%,"R$6,42",https://shopee.com.br/product/1928031541/58217618288,https://s.shopee.com.br/2LYinHiYsa
22692655214,"Kit Colcha Cobre Leito Luxo Matelado Casal Padrão,Queen,Solteiro,King MELHOR CUSTO BENEFÍCIO","37,48",20mil+,Filimar Confecções,12%,"R$4,50",https://shopee.com.br/product/1124876296/22692655214,https://s.shopee.com.br/2Vs8zahvXd
57415367709,Potes de Vidro Natalinos 300mL - Porta Mini Biscoitos Porta Doces Bomboniere Decoração de Natal com Tampa Decorada,"34,90",1mil+,Rizzo Distribuidora,8%,"R$2,79",https://shopee.com.br/product/400124163/57415367709,https://s.shopee.com.br/20vsOfjpYY
23394523519,"Fini Melatonina 60 Cápsulas | Sono de Qualidade, Relaxamento e Bem-Estar | Suplemento Original","64,99",3mil+,DROGARIA MONIFARMA,24%,"R$15,60",https://shopee.com.br/product/617614410/23394523519,https://s.shopee.com.br/2BFIayjCDb
29028867072,Torneira De Cozinha Gourmet Alça Única Com Extensor De Spray Tubo De Água Flexível Superior Prateado Para Ajuste,"67,89",80mil+,Muse.Mall,11%,"R$7,47",https://shopee.com.br/product/1398191070/29028867072,https://s.shopee.com.br/1gJ203l6EW
22098878065,Chinelo Bandeirinha Original Sandalia De Dedo Unissex Verão. Presente para o Dia dos Pais,"19,90",100mil+,Ferrari_Shopping,14%,"R$2,79",https://shopee.com.br/product/960891164/22098878065,https://s.shopee.com.br/1qcSCMkStZ
58263900784,Chaleira Elétrica Inox 1.8 Litros Desligamento Automático Aquecimento Rápido,"41,98",5mil+,RAPPIDO,10%,"R$4,20",https://shopee.com.br/product/1531225861/58263900784,https://s.shopee.com.br/1LgBbRmMuU
20498334665,Kit Click Cadence - Sanduicheira e Cafeteira Single Up,"199,00",1mil+,Cadence Oficial,12%,"R$23,88",https://shopee.com.br/product/1608214292/20498334665,https://s.shopee.com.br/1VzbnkljZX
22695782878,Jogo Toalhas De Banho Super Luxo 4 Peças 100% Algodão Casal Gigante Alta Absorção Toalha Felpuda,"119,99",10mil+,DMC Cama Mesa Banho,16%,"R$19,20",https://shopee.com.br/product/596316342/22695782878,https://s.shopee.com.br/113LCpndaS
22394064681,"Espuma Spray Zip Clean 300ml Limpa a Seco Sofá, Estofado, Banco de Carro Limpeza Profunda","17,19",90mil+,evolutecommerce,14%,"R$2,41",https://shopee.com.br/product/625559139/22394064681,https://s.shopee.com.br/1BMlP8n0FV
48264636685,"Bola De Aperto De Pão De Ouro Colorida Fofa De 5.5 Cm , Brinquedo Mole De Alívio De Estresse Para Crianças E Adultos , C","9,50",1mil+,ggg2021.br,11%,"R$1,05",https://shopee.com.br/product/383864148/48264636685,https://s.shopee.com.br/gQUoDouGQ
23093489477,Mini Aspirador de Pó Portátil Automotivo Casa Sem Fio 3 em 1 Recarregável Potente 6000Pa,"26,99",100mil+,lojamegas,7%,"R$1,89",https://shopee.com.br/product/872424585/23093489477,https://s.shopee.com.br/qjv0WoGvT
58262957321,Fone de Ouvido Bluetooth Sem Fio J760- Cancelamento de Ruído Conforto,"40,98",9mil+,𝙨𝙝𝙤𝙥𝙚 𝙨𝙩𝙮𝙡𝙚,17%,"R$6,97",https://shopee.com.br/product/1314145794/58262957321,https://s.shopee.com.br/LnePbqAwO
23598849229,"Árvore de Natal 1,80 Metros 800 Galhos Pinheiro Verde Cheia Luxo Gorda Decoração 180cm","299,90",3mil+,Zetine Comercio,13%,"R$38,99",https://shopee.com.br/product/1580816302/23598849229,https://s.shopee.com.br/W74bupXbR
21071530577,Varal De Chão Roupa Calcinha Grade 3 Andares Dobrável Portátil,"99,90",200mil+,Na Web Group De Marcas,18%,"R$17,98",https://shopee.com.br/product/325008325/21071530577,https://s.shopee.com.br/1Ao0zrRcM
22097296846,Protetor Solar Facial PS-01 FPS 60 Principia,"49,00",200mil+,Principia Skincare,16%,"R$7,84",https://shopee.com.br/product/373261329/22097296846,https://s.shopee.com.br/BUEDIqoHP
22997359798,Espelho Redondo Decorativo Adnet Alça Couro Suporte 60cm Sala Quarto Banheiro,"22,90",200mil+,Eddias Home,13%,"R$2,98",https://shopee.com.br/product/729422210/22997359798,https://s.shopee.com.br/AKb0JzE6eO
22998913894,Bolsa Sacola Feminina de Ombro Grande Dia a Dia espaçosa Elegante para Trabalho Praia,"23,45",40mil+,"D""MELLO BRASIL",14%,"R$3,28",https://shopee.com.br/product/678391231/22998913894,https://s.shopee.com.br/AUuQWIDTJR
23794280418,"Organizadores de Geladeira de Acrílico com Tampa Drenagem 2,2 Litros","29,90",20mil+,AuraShop Cuidado que a casa merece,13%,"R$3,89",https://shopee.com.br/product/691142802/23794280418,https://s.shopee.com.br/9zy9vNFNKM
15996815127,Jogo de Xícaras de Café com Pires de Madeira Coração Cantinho do Café Kit Presente Feminino,"46,00",7mil+,Requinte Artefatos de Madeira,18%,"R$8,28",https://shopee.com.br/product/580638899/15996815127,https://s.shopee.com.br/AAHa7gEjzP
22395131762,Kit Jogo de Lençol Liso Fronha Estampada 200 Fio 100% Algodão Extra Macio Com Elástico,"35,90",6mil+,HELA CASA,13%,"R$4,67",https://shopee.com.br/product/1541359592/22395131762,https://s.shopee.com.br/9fLJWlGe0K
53314415260,Kit 4 Blusas Feminina Ribana Canelado Básica Casual Estilosa Tendência Verão,"65,24",4mil+,BOTIQUE TH,23%,"R$15,01",https://shopee.com.br/product/547358600/53314415260,https://s.shopee.com.br/9pejj4G0fN
50805202049,Potes Herméticos Marmita de Vidro 640ml Vidro Microondas Geladeira Forno Fitness,"18,99",6mil+,UD4YOU,3%,"R$0,57",https://shopee.com.br/product/1179576173/50805202049,https://s.shopee.com.br/9KiT89HugI
58263871728,Kit Hidratante Corporal + Body Splash Feminino | Fragrância Doce Frutal | Hidratação Prolongada | Pele Macia,"75,00",308,MagazziniShop,19%,"R$14,25",https://shopee.com.br/product/1095126370/58263871728,https://s.shopee.com.br/9V1tKSHHLL
58211330527,Guarda Roupas Casal Grande 8 Portas 4 Gav. Com Pés Moderno Marrom,"797,05",167,Babus,13%,"R$103,62",https://shopee.com.br/product/1070266614/58211330527,https://s.shopee.com.br/905cjXJBMG
21034795993,Tapete de Banheiro Antiderrapante Bolinha Macarrão Várias Cores,"14,89",100mil+,MG Enxovais,18%,"R$2,68",https://shopee.com.br/product/322387387/21034795993,https://s.shopee.com.br/9AP2vqIY1J
22999163516,Kit Utensílios de Cozinha 12/19 Peças • Silicone com Cabo de Madeira • Completo e Resistente,"29,99",7mil+,MORAI UTILIDADES,13%,"R$3,90",https://shopee.com.br/product/1081447826/22999163516,https://s.shopee.com.br/8fSmKvKS2E
20697874559,kit Coala Home Chá Branco,"72,90",200mil+,Coala Essências Oficial,19%,"R$13,85",https://shopee.com.br/product/1177903362/20697874559,https://s.shopee.com.br/8pmCXEJohH
23698786124,Garrafa Inox Térmica Com Capinha Protetora De Silicone Antiderrapante,"31,99",9mil+,XQW - ELETRÔNICOS E VARIEDADES,28%,"R$8,96",https://shopee.com.br/product/406969593/23698786124,https://s.shopee.com.br/8KpvwJLiiC
